username,access_level,group_or_project_path,type
@world,developer,org/zc,project
vijaykumar,owner,org/zc,project
@scrum-masters,developer,org/repo-acl,project
staticman-bot,developer,org/zc,project
aarthi.vr,developer,engg/zs/zs-products/zs-sigsim,group
sujitha.s,developer,training/programmes/linux-study,project
sujitha.s,developer,training/programmes/training-2025/tasks,project
praveenkumar.a,developer,engg/zs/zs-products/zs-sigsim,group
ragulkumar.s,developer,engg/zs/zs-products/zs-sigsim,group
goushik.a,developer,engg/visteon/visteon-adsp-upgrade/pdocs,project
abilash.r,developer,engg/visteon/visteon-adsp-upgrade/pdocs,project
monika.r,developer,it-admin/static-website,project
@world,reporter,null/null,project
vijaykumar,owner,null/null,project
jhansi.m,developer,training/programmes/training-2025/tasks,project
harishbabu.r,developer,bd/engg-support,project
ajithkumar.m,developer,bd/engg-support,project
deena.b,developer,engg/zs/zs-products/zs-sigsim,group
abinaya.e,developer,training/programmes/training-2025/tasks,project
aarthi.vr,reporter,engg/postprocess/ppt-demi-x520,group
sujitha.s,developer,org/repo-acl,project
sujitha.s,developer,engg/zs/zs-pm/timelogs,project
pradeep.s,developer,engg/zs/zs-parrot/agents,project
jagadish.r,developer,engg/zs/zs-pm/timelogs,project
nandhini.s,developer,engg/zs/zs-products/zs-sigsim,group
pooja.k,developer,engg/zs/zs-products/zs-sigsim,group
krithik.g,developer,engg/zs/zs-products/zs-sigsim,group
arunkumar.m,developer,engg/zs/zs-products/zs-sigsim,group
kirankumar.s,developer,it-admin/workdrive-sync,project
harishbabu.r,maintainer,engg/zs/zs-ivi-iop/bluetooth-iop-manual-tests,project
pradeep.s,developer,engg/zs/zs-ivi-iop/bluetooth-iop-manual-tests,project
vijaykumar.n,developer,it-admin/tools/people-sync,project
kirankumar.s,developer,org/hw-assets,project
jhansi.m,developer,org/hw-assets,project
sujitha.s,developer,org/hw-assets,project
kirankumar.s,developer,it-admin/tools,group
jhansi.m,developer,it-admin/tools/people-sync,project
jhansi.m,developer,it-admin/tools/tasks,project
sujitha.s,developer,it-admin/tools/tasks,project
vijaykumar.n,developer,it-admin/tools/tasks,project
vijaykumar.n,developer,it-admin/tools/workdrive-sync,project
sujitha.s,developer,it-admin/tools/people-sync,project
pradibha.v,developer,engg/zs/zs-parrot/agents,project
@world,reporter,org/hw-assets,project
vijaykumar,owner,org/hw-assets,project
aarthi.vr,developer,org/hw-assets,project
ajithkumar.m,developer,org/hw-assets,project
prasanna.b,developer,org/hw-assets,project
bineesh.pc,developer,org/hw-assets,project
swathi.l,developer,training/programmes/training-2025/tasks,project
pradeep.s,developer,engg/rntbci/rntbci-data-logger,group
priyadharshini.ss,developer,training/programmes/training-2025/tasks,project
gokulraj.s,developer,training/programmes/training-2025/tasks,project
nirmalkumar.r,developer,training/programmes/training-2025/tasks,project
vijaykumar.n,developer,engg/zs/zs-pm/timelogs,project
shanmathi.s,developer,engg/zs/zs-ivi-iop/bluetooth-iop-manual-tests,project
karthikeyan.g,developer,engg/zs/zs-ivi-iop/bluetooth-iop-manual-tests,project
vijayshrinivas.v,developer,it-admin/infra/frontpage,project
vijayshrinivas.v,developer,it-admin/tools/tasks,project
vijayshrinivas.v,developer,it-admin/tools/zc-staticman,project
kirankumar.s,developer,it-admin/infra/frontpage,project
harishbabu.r,maintainer,engg/zs/zs-touchbot,group
pooja.k,developer,engg/zs/zs-touchbot,group
shanmathi.s,developer,org/hw-assets,project
raveena.m,developer,org/hw-assets,project
vijaykumar.n,developer,engg/visteon/visteon-w616-touchbot,group
dilip.h,developer,it-admin/tools/tasks,project
prasanna.b,developer,it-admin/tools/tasks,project
pradeep.s,developer,engg/zs/zs-products/zs-cantact-pro,group
mohdaman.m,developer,engg/zs/zs-products/zs-cantact-pro,group
prasanna.b,developer,it-admin/tools/people-sync,project
dilip.h,developer,it-admin/tools/people-sync,project
prasanna.b,developer,engg/visteon/visteon-w616-touchbot,group
prasanna.b,developer,it-admin/infra/frontpage,project
dilip.h,developer,org/repo-acl,project
prasanna.b,developer,org/repo-acl,project
pradeep.s,developer,engg/zs/zs-products,group
divyaananth.kv,developer,engg/zs/zs-products/zs-sigsim,group
manipradeep.v,guest,training/programmes/training-2025,group
monika.m,guest,training/programmes/training-2025,group
divyaananth.kv,developer,engg/zs/zs-products/zs-cantact-pro,group
gowtham.s,developer,org/repo-acl,project
aarthi.vr,developer,engg/zs/zs-products/zs-cantact-pro,group
pooja.k,developer,engg/mahindra/mahindra-hpcc-w616,group
godson,maintainer,engg/zs/zs-products/zs-js2534/seedkey,project
syedkhaleel.j,developer,training/programmes/training-2025,group
janani.v,developer,engg/visteon/visteon-someip,group
arunkumar.m,developer,engg/visteon/visteon-someip,group
narmatha.s,developer,engg/zs/zs-products/zs-pdu,group
hemalatha.e,reporter,training/programmes/training-2025/tasks,project
manikandan.k,developer,it-admin/tools/gitlab-lint,project
prasanna.b,developer,it-admin/tools/gitlab-lint,project
ragulkumar.s,developer,it-admin/tools/gitlab-lint,project
ragulkumar.s,developer,engg/zs/zs-parrot/agents,project
vigneshwaran.s,guest,training/programmes/training-2025,group
monika.m,developer,engg/zs/zs-parrot/parrot-ng,project
monika.m,developer,engg/zs/zs-parrot/test-suites,project
manipradeep.v,developer,engg/zs/zs-products/zs-pdu,group
durgadevi.k,developer,engg/zs/zs-products/zs-pdu,group
manipradeep.v,developer,engg/zs/zs-products/zs-cantact-pro,group
durgadevi.k,developer,engg/zs/zs-products/zs-cantact-pro,group
bineesh.pc,reporter,engg/zs/zs-products,group
bineesh.pc,developer,engg/zs/zs-products/zs-pdu,group
bineesh.pc,developer,engg/zs/zs-products/zs-cantact-pro,group
durgadevi.k,developer,org/hw-assets,project
manipradeep.v,developer,org/hw-assets,project
