id,cn,sn,user,active
ZS830,AADITHYA A,MENON,aadithyamenon.a,true
,Aakash,A,aakash.a,false
ZS704,Aarthi,V R,aarthi.vr,true
ZS754,Abbas Mohammed,S,abbasmohammed.s,true
,Abbireddi Bhavani Ganesh,V,abbireddibhavaniganesh,false
,,,abdul,false
ZS590,Abhi,K A,abhi.ka,true
,,,abhinaykumar,false
ZS697,Abhishek Kumar,C,abhishekkumar.c,true
ZS879,Abhishek Mishra,R,abhishekmishra.r,true
ZS937,Abhishek Verma,S,abhishekverma.s,true
,Abilash,R,abilash.r,false
ZS316,Abilash,A,abilash,false
,,,abin,false
ZS819,Abinaya,Elavarasan,abinaya.e,true
ZS386,Abinaya Kalaiselvan,K,abinaya.k,false
ZS311,Abinaya,Murugan,abinaya,false
ZS752,Abiramy,R,abiramy.r,true
ZS628,Abisheak,K,abisheak.k,true
,Adarsh Ranjan,J,adarshranjan.j,false
,Addankimanojkumar,R,addankimanojkumar.r,false
,,,adhithyan,false
ZS869,Adi,Lakshmi,adilakshmi.l,false
ZS408,Aditya Sai Surya,Donthu,adityasaisurya,false
ZS143,Aishwarya,R,aishwarya,false
,Ajaaykumar,KL,ajaaykumar.kl,false
,Ajay,T,ajay.t,false
,Ajayarasan,J,ajayarasan.j,false
ZS437,Vanathadupula Ajay Kumar,M,ajaykumar.m,false
,Ajaykumar,Madhu P,ajaykumar.mp,false
,Ajay Kumar Choure,A,ajaykumarchoure.a,false
ZS914,Ajeet Kumar,R,ajeetkumar.r,true
ZS691,Ajith,S,ajith.s,true
,Ajithkumar,K,ajithkumar.k,false
ZS530,Ajithkumar,M,ajithkumar.m,true
ZS935,Akalakali Mujawar,B,akalakalimujawar.b,true
ZS479,Akash,D,akash.d,false
ZSI173,Akash,G,akash.g,true
,Akash,SS,akash.ss,false
,Akhil,M,akhil.m,false
ZS834,NASU,AKHIL,akhilnasu.r,true
,Akshaya,S,akshaya.s,false
ZS236,Alfred,Manoj,alfred,false
,Amanda,J,amanda.j,false
,Amudha,S,amudha.s,false
ZS889,Anandh,J,anandh.j,true
ZS030,Anandharaj,A,anandharaj,true
,,,anbarasan,false
ZS232,Andruew,V,andruew,false
,Anees Kumar,K,aneeskumar.k,false
ZS920,Anil Kumar,K,anilkumar.k,true
ZS435,Anil Kumar,L,anilkumar.l,false
,Anisha,N,anisha.n,false
ZS376,Anish,Choudhary,anishchoundary,false
ZS242,Anjali,Chandrakar,anjalichandrakar,false
,Anna,Jones,annajones,false
ZS650,Anosh,M,anosh.m,false
ZS269,Chennupati Anusha,S,anusha,false
ZS903,Aravind,Dhamodharan,aravind.d,true
ZS446,Aravind,M,aravind.m,false
ZS939,Aravind,S,aravind.s,true
,,,aravind,false
,Arjun,V,arjun.v,false
,Arjun Chauhan,D,arjunchauhan.d,false
ZS368,Arockiasathish,S,arockiasathish,false
ZS759,Arulkumar,D,arulkumar.d,true
,Arun,C,arun.c,false
ZS837,ARUNAACHALAM,MURUGADASS,arunaachalam.m,true
ZS283,Arunkumar,B,arunkumar.b,false
,Arun Kumar,K,arunkumar.k,false
ZS715,Arunkumar,M,arunkumar.m,true
ZS904,Arunkumar,R,arunkumar.r,true
ZS828,Arunkumar,V,arunkumar.v,true
,,,arunkumar,false
ZS418,Arunpandi,K,arunpandi.k,false
ZS272,Arun Periyasamy,P,arunperiyasamy,false
,Arunraaj,SB,arunraaj.sb,false
,,,arunram,false
ZS428,Ashik,A,ashik.a,false
,Ashish Pandey,U,ashishpandey,false
,Ashok,P,ashok.p,false
ZS237,Ashok,G,ashok,true
ZS144,ashokkumar,B,ashokkumar,false
ZS342,Ashok Raj,K,ashokraj,false
,Ashutosh,I,ashutosh.i,false
,,,asohan,false
ZS211,Aswin,P.S,aswin,false
,Aswinraj,M,aswinraj.m,false
ZS191,Athithyakumaran,A,athithyakumaran,false
ZS398,Audumbar,Laxman Randive,audumbar,false
,Aurobinda Bharat Maharana,N,aurobindabharatmaharana.n,false
ZS327,Ayyanna Goud,D,ayyannagoud,false
ZS932,Baburaj,S,baburaj.s,true
ZS045,BabuSubashChandar,C,babusubashchandar,true
,,,bala,false
,,,balajee,false
,Balaji,T,balaji.t,false
ZS450,Balakrishna Murthy,J,balakrishna.j,false
ZS169,Balakrishnan,K,balakrishnan,false
ZS187,Balakumar,S,balakumar,false
,Balamurugan,M,balamurugan.m,false
,,,balamurugan,false
ZS276,Balusupati Gopi,B,balusupatigopi,false
ZS273,Barathwaj,R,barathwaj,false
ZS176,Baskar,K,baskar,false
,Bavithra,P R,bavithra.p,false
ZS454,Benjimin Krupananda Sagar Valluru,J,benjiminvalluru.j,false
ZS343,Bennet Solomi,J,bennetsolomi,false
ZS641,Bensingh,Bennet,bensingh.b,true
,Bhanu Prakash,C,bhanuprakash.c,false
,Bharath C,C,bharath.c,false
ZS202,Bharath,Paidupati,bharath,false
ZS193,Bharath Kumar,R,bharathkumar,false
,Bharath Kumar Reddy,Chintalapalli,bharathkumarreddy,false
,Bharathraj,G,bharathraj,false
ZS434,Bhavani,P,bhavani.p,false
ZSI022,Bhavatharani,V,bhavatharani.v,false
,Bhavya,Redla,bhavyaredla,false
,Bhuvaneshwar,S,bhuvaneshwar.s,false
ZS766,Bineesh,P.C,bineesh.pc,true
ZS265,Bipin Kumar Singh,R,bipinkumarsingh,false
ZS251,Brijgopal,Suthar,brijgopalsuthar,false
ZS633,Brindha,S,brindha.s,true
ZS420,Caleb Kevin,D,calebkevin,false
,Catherine,A,catherine.a,false
ZS153,Chandan Kumar Bera,D,chandankumarbera,false
ZSI172,Chandru,K,chandru.k,true
ZS322,Chandru,M,chandrumadhaiyan,false
ZSI174,Charan Deepak,M,charandeepak.m,true
ZS419,Charan Kumar Reddy,N,charankumarreddy,false
ZS865,Chelappan,V,chelappan.v,true
,Chintaluru Venakata Naga Sai Kumar,V,chintaluru.v,false
ZS410,Chiranjeevi,P,chiranjeevi,false
ZS565,Chittani Madhuri,G,chittanimadhuri.g,true
ZSI168,Christy Philomina,R,christyphilomina.r,true
,Dachuru Venkata Sai Samindra,V,dachuruvenkatasaisamindra.v,false
,Dadi Ashok,D,dadiashok.d,false
ZS880,Darshan,Parameshwara Kanchivarada Shetty,darshan.p,true
,Darshan Kumar,R,darshankumar.r,false
,Deena,B,deena.b,false
ZS485,Deepa,S,deepa.s,false
ZS449,Deepak,D,deepak.d,false
ZS321,Deepak,P,deepak.p,false
ZS004,Deepak,Soundararajan,deepak,true
ZS921,Deepak Kumar,G,deepakkumar.g,true
,,,deepakraj,false
,,,deepan,false
ZS064,Deepan Prakash,J,deepanprakash,false
,Deeptha,B,deeptha.b,false
ZS501,Deepthi,E,deepthi.e,true
ZS395,Devendra,Patel,devendra.p,false
ZS034,Dhanasekar,V,dhanasekar,true
,Dhanunjay,J T,dhanunjay.jt,false
ZS481,Dharani,K,dharani.k,false
,Dharmalakshmi,A,dharmalakshmi.a,false
ZS833,DHARSHAN KUMAR,S,dharshankumar.s,true
,,,dhileep,false
,Dhivakarbabu,KM,dhivakarbabu.km,false
ZS605,Dhivya,S,dhivya.s,true
ZS135,Dhivya,K,dhivya,false
ZS795,Dilip,H,dilip.h,true
ZS555,Diloshini Devi,R,diloshinidevi.r,false
ZS930,Dinakaran,V,dinakaran.v,true
,Dinesh,Y,dinesh.y,false
,Dinesh Babu,J,dineshbabu.j,false
ZS267,Dineshbabu,K,dineshbabu,false
ZS199,Dineshkumar,L,dineshkumar,true
ZS870,Dipinkrishnan,R,dipinkrishnan.r,true
ZS710,Divyaananth,KV,divyaananth.kv,true
ZS911,Divya Bharathi,S,divyabharathi.s,false
ZS263,Divya,Rajagopalan,divyarajagopalan,false
ZS262,Divya Subramanian,S,divyasubramanian,false
ZS441,Durairaj,P,durairaj.p,false
ZS856,Durgadevi,K,durgadevi.k,true
ZS466,Duvaragaselvan,G,duvaragaselvan.g,false
,Eaturu Nikhil,C,eaturunikhil.c,false
,Edwin,K,edwin.k,false
,Eswant,JS,eswant.js,false
ZS212,Fadhel,Habeeb,fadhel,false
,Fawaz,A,fawaz.a,false
ZS785,Ferdin Vivian,C,ferdinvivian.c,true
,Gagana sindhu,MK,gaganasindhu.mk,false
,Ganesan,S,ganesan.s,false
ZS384,Ganeshwari,S,ganeshwari,false
ZS335,Sivateja,Gangu,gangusivateja,false
ZS245,Gaurav,Jaiswal,gauravjaiswal,false
,Gaurav,Kulkarni,gauravkulkarni,false
ZS471,Gayathri,R,gayathri.r,false
ZS878,Gayathri Veluchamy,V,gayathri.v,true
ZS167,Gayathri,A,gayathri,false
,,,geeteshsingh,false
ZS893,Gnanaprakash,R,gnanaprakash.r,true
ZS893,Gnanaprakash,R,gnanapraksh.r,false
,Gnana Seker,D,gnanaseker,false
,,,gnanseker,false
,Gobi,G,gobi.g,false
ZS309,Godson Gnanaraj,Leslie Jebaraj,godson,true
,Gokul,R,gokul.r,false
ZS881,Gokul,Raja,gokul.rc,true
ZS891,Gokula Krishnaa,V,gokulakrishnaa.v,true
ZSI175,Gokulavasan,E,gokulavasan.e,true
,Gokulkumar,M,gokulkumar.m,false
,Gokulraj,S,gokulraj.s,false
,,,gokulsriram,false
ZS863,Golla,Manoj,gollamanoj.g,false
,,,gomathipriya,false
ZS447,Gopala Krishna,G,gopalakrishna.g,false
,Gopalakrishnan,D,gopalakrishnan.d,false
ZS761,Gopalakrishnan,S,gopalakrishnan.s,true
ZS249,Gopalakrishnan,T,gopalakrishnan,false
ZS455,Gopi Babu,R,gopibabu.r,false
ZS916,Gopinath,A,gopinath.a,true
,Gopi Raga,S,gopiraga.s,false
,Gopivaddempudi,L,gopivaddempudi.l,false
,Gopivadempudi,L,gopivademmpudi.l,false
ZS708,Goushik,A,goushik.a,true
ZS299,Govindaraj,Saminathan,govindaraj,false
ZS363,Govintharaj,V,govintharaj.v,false
ZS098,Gowri Shankar,S,gowrishankar,false
,Gowtham,L,gowtham.l,false
ZS807,Gowtham,S,gowtham.s,true
,Gowtham,Velusamy,gowtham.v,false
ZS306,Gowtham sankar,S S,gowthamsankar,false
ZS662,Grandhi Venkata Naga Lakshmoji,G,grandhivenkatanagalakshmoji.g,true
,Guest Internet,A,guest-internet,false
,GuestXYZ,G,guest,false
,Guna,N,guna.n,false
ZS328,Gundla Gopichand,V,gundlagopichand,false
,Guruchsaran,T,guruchsaran.t,false
,Gurunathankumar,G,gurunathankumar.g,false
,Guru Praman,G,gurupraman.g,false
,Guruprasath,N,guruprasath.n,false
ZS883,Guru Sai Sandeep,Mamidi,gurusaisandeep.m,true
ZS423,Gurvinder Singh,J,gurvindersingh,false
ZS442,Gutti Manoj Kumar,M,guttimanoj.m,false
,Halith Syed,M,halithsyed.m,false
,Hammesh Immanuvel,J,hammeshimmanuvel.j,false
ZS334,Hamsaveni,A,hamsaveni,false
,Hariharan,M,hariharan.m,false
,Hariharan,M C,hariharan.mc,false
ZS866,Harikishore,V,harikishore.v,true
,Hari Krishnan,P,harikrishnan,false
ZS706,Hari krishna reddy,P,harikrishnareddy.p,true
ZSI026,Harinath,S,harinath.s,false
ZS910,Harini Muthulakshmi,K,harinimuthulakshmi.k,true
ZS787,Hari Prabhu,S,hariprabhu.s,false
,Hari,Prasanth M,hariprasanth.m,false
ZSCT006,Harisankar,?,harisankar,true
,Harish,JM,harish.jm,false
,,,harish,false
ZS512,Harishbabu,R,harishbabu.r,true
,Harish Balaji,R,harishbalaji.r,false
ZS341,Harish Kumar,T G,harishkumar,false
ZS254,Haritha,R,haritha,false
ZSI176,Harivanth,A,harivanth.a,true
ZS396,Harshada,B,harshada.b,false
,Harshal Sunil,Pacharne,harshalsunil.p,false
ZSI160,Harshan,Jaikumar,harshan.j,false
ZSI159,Harshita,Senthilnathan,harshita.s,false
ZSI171,Hashwanth,P,hashwanth.p,true
ZS874,Hemalatha,Eswaran,hemalatha.e,true
ZS319,Hemalatha,K,hemalatha,false
,Hemasrija,JP,hemasrija.jp,false
ZS686,Hemasruthi,P,hemasruthi.p,true
ZS141,Hephzibah,A,hephzibah,false
ZS465,Himanshu Rinke,A,himanshurinke.a,false
ZS826,Himasaisri,Oggu,himasaisri.o,true
,Hisham Mohamed,H,hishammohamed.h,false
,Hrithik,M,hrithik.m,false
ZS780,Hritik,M,hritik.m,false
ZS912,Ibrahim Shaifulla,M,ibrahimshaifulla.m,true
,,,inbarajan,false
,Indhuja,N,indhuja.n,false
ZS422,Indira,N,indira.n,false
,Indrajith,E,indrajith.e,false
,Ishwarya,M,ishwarya.m,false
ZS002,Anitha,J,ja,true
,Jacob Paul,P,jacobpaul.p,false
ZS142,Jagadeeswari,N,jagadeeswari,false
,Jagadeshwaran,A,jagadeshwaran.a,false
ZS604,Jagadish,R,jagadish.r,true
ZS385,Jagannathan,R,jagannathan,false
,Jai Harish,T L,jaiharish.tl,false
ZSCT008,Jaisankar,M,jaisankar,true
ZS786,Janani,V,janani.v,true
ZS323,Bharath,Jangili ,jangilibharath,false
ZS926,Jasha Verma,B,jashaverma.b,true
ZS841,Jasthi,Sainadh,jasthisainadh.v,true
,Jasthi,Sainadh,jasthisainadh,false
ZS644,Jayakumar,S,jayakumar.s,false
ZS331,Jayanth,I,jayanth,false
ZS808,Jaya Saradhi,Renangi,jayasaradhi,false
,Jayasri,VS,jayasri.vs,false
ZS851,Jaya Viswanathan,J,jayaviswanathan.j,true
,Jayawilson,J,jayawilson.j,false
ZS229,Jebakumar,G,jebakumar,false
,,,jeevanandham,false
,,,jeevarathinam,false
,Jegan,S,jegan.s,false
ZS361,Jegan,B,jegan,false
ZS315,Jeyaprakash,A,jeyaprakash,false
ZS769,Jhansi,M,jhansi.m,true
,Joan,Smith,joansmith,false
ZS320,John David Raj,J,johndavidraj,true
,Joseph Alexander,S,josephalexander,false
ZS123,Joses Paul,P,josespaul,false
ZS453,Jothika Deepthi,M,jothikadeepthi.m,false
ZSI170,Jude Promod Antony,J,judepromodantony.j,false
,Justin Fernandez,C,justinfernandez.c,false
ZS938,Jyothi,H S,jyothi.hs,true
ZSI010,Jyotipriya,M,jyotipriya,false
ZS087,Kabilan,M,kabilan,false
,,,kailashsridharan,false
,Kalai Selvan,G,kalaiselvan.g,false
ZS475,Kalpana,S,kalpana.s,true
,Kamalakannan,K,kamalakannan.k,false
ZS849,Kameshwaran,A,kameshwaran.a,true
ZS172,Kamlesh Kumar Singh,I,kamleshkumar,false
ZS743,Kandhan,D,kandhan.d,true
ZS684,Kanishka,S,kanishka.s,true
,,,kannan,false
ZS239,Kannan, Perumal,kannanperumal,true
ZS429,Kanniappan,H,kanniappan,false
ZS333,Karthi,S,karthi.s,false
,,,karthic,false
ZS777,Karthigeyan,K,karthigeyan.k,true
,Karthig Rajan,S,karthigrajan.s,false
ZS268,Karthik,J,karthik.j,true
,Karthikeyan,G,karthikeyan.g,false
ZS913,Karthikeyan,N,karthikeyan.n,true
ZS451,Karthikeyan,V,karthikeyan.v,false
ZS387,Karthikeyan Kathirvel,Kathirvel,karthikeyan,false
ZS246,Karthikeyan,Devaraj,karthikeyandevaraj,false
ZS440,Karthik Reddy,V,karthikreddy.v,false
,,,kathirvel,false
,Kausal,P,kausal.p,false
,Kavinaya,D,kavinaya.d,false
ZS852,Kavinkumar,Sundaram,kavinkumar.s,true
ZS217,Kavitha,S,kavitha,false
ZS901,Kavya,Ganesan,kavya.g,true
ZSI162,Keertana,Karthick,keertana.k,false
,Keerthiraj,R,keerthiraj.r,false
ZS221,Kewal,K Ukunde,kewal,false
ZS668,Kharthik,U,kharthik.u,true
ZS923,Kiran,Dodda,kiran.d,true
ZS679,Kiran Kumar,S,kirankumar.s,true
ZS210,Kiruba,R,kiruba,false
ZSI167,Kishorekumar,V,kishorekumar.v,false
ZS378,Kondeti Prasad,?,kondetiprasad,false
ZS835,KOUSHIK,MANDAPELLI,koushik.m,true
ZS862,Krishna Anand,C,krishnaanand.c,true
ZS887,Krishnakanth,E,krishnakanth.e,true
ZS531,Krishna Kumar,A,krishnakumar.a,true
ZS230,Krishna Prasad,Sethumadhavan,krishnaprasad,false
,,,krishnaraj,false
ZS436,Mudamala Krishnaveni,B,krishnaveni.b,false
,Krithik,G,krithik.g,false
ZS397,Kullaibabu,Putluru,kullaibabu,false
ZS350,Kushal Chand,Kamal,kushalchand,false
ZS122,Lakshmanan,G,lakshmanan,false
ZS359,Lakshminarayana,N,lakshminarayana,false
ZS452,Leela Raghu Ram,S,leelaraghuramravi,false
,Leela Sai Naga Ramya,Perabathula,leelasainagaramya.p,false
ZS400,Leena,Sanjay Kamble,leenakamble,false
,Loganathan,S,loganathan.s,false
ZS296,Loganathan,V,loganathan,false
,Logapriya,P,logapriya.p,false
ZS305,Logarajan,S,logarajan,false
,,,logeshwaran,false
,Lohit Prakash,A,lohitprakash.a,false
ZTSC003,Lokesh,S,lokesh.s,false
,Lokeshraju,R,lokeshraju.r,false
,Maddali sai,M,maddalisai.m,false
ZS900,Madeshwar,Ragupathi,madeshwar.r,true
,Madhankumar,B,madhankumar.b,false
,Madhan Kumar,C,madhankumar.c,false
,,,madhavan,false
ZS638,Madhumitha,B,madhumitha.b,false
,Madhumitha,J,madhumitha.j,false
,Mahendran,P,mahendran.p,false
,,,malarvizhi,false
ZS928,Mandadi Lakshmi Sai Likhitha,S,mandadilakshmisailikhitha.s,true
,,,mandipmane,false
,Mangaiyarkarasi,K,mangaiyarkarasi.k,false
ZS407,Mani,Sellamuthu,mani.s,false
ZS709,Manibalan,V,manibalan.v,true
,Manigandan,S,manigandan.s,false
ZS688,Manikandan,B,manikandan.b,true
ZS542,Manikandan,K,manikandan.k,false
,Manikandan,P,manikandan.p,false
ZS673,Manikandan,S,manikandan.s,true
ZS038,Manikandan,S,manikandan,false
ZS855,Manipradeep,V,manipradeep.v,true
ZS277,Manish Ranjan,A,manishranjan,true
,Manjunatha,P,manjunatha.p,false
ZS491,Manoj,E,manoj.e,false
,Manoj,P,manoj.p,false
ZS175,Manoj,S,manoj,false
ZS843,Manoj Kumar,M,manojkumar.m,true
ZS892,Manoj Kumar,M,manojkumar.ma,true
ZS486,Manojkumar,N,manojkumar.n,true
,,,manojkumar,false
,,,mansoorahamedsyed,false
ZS329,Maria Sabnam,Masum Al Rashid,mariasabnam,false
ZS201,Mark Jefrone,F,markjefrone,false
ZS582,Mathiyazhagan,G,mathiyazhagan.g,true
,Meenaloshini,P,meenaloshini.p,false
ZS171,Meenu ,Saji,meenusaji,false
ZS497,Meruga Brahma Deva Rao,V,merugabrahmadevarao,false
,Midhun,C,midhun.c,false
,Mini,L,mini.l,false
ZS907,Mithun,K,mithun.k,true
ZS414,Mohamad Fazal,M,mohamadfazal,true
ZS645,Mohamed Ali,S,mohamedali.s,true
ZS803,Mohamed Ameen,A,mohamedameen.a,true
,Mohamed Ibrahim,M,mohamedibrahim.m,false
ZS295,Mohamed Ithiris,S,mohamedithiris,true
ZS292,Mohamed Thariq,J,mohamedthariq,false
ZS894,Mohamed Yousuf Raja,M,mohamedyousufraja.m,true
ZS472,Mohamed Zubair,S,mohamedzubair,false
ZS924,Mohammed Afreed Basha,M,mohammedafreedbasha.m,true
ZS890,MOHAMMED FAIZULLA,J,mohammedfaizulla.j,false
ZS694,Mohan,R,mohan.r,true
ZS713,Mohana Priya,K,mohanapriya.k,true
ZS379,Mohan Babu Bandi,?,mohanbabubandi,false
ZS431,Mohan Raj,R,mohanraj.r,true
,Mohd Aman,M,mohdaman.m,false
ZS895,Monika,M,monika.m,true
ZS425,Monika,R,monika.r,false
ZS252,Subramanyam,Motupalli,motupallisubramanyam,false
ZS364,Mounika,Are,mounika.a,false
ZS393,Mounika Gundu,G,mounika.g,false
ZS270,Naraboina Mounika,N,mounika,false
ZS469,Mugunthan,?,mugunthan,false
ZS736,Mukesh,M,mukesh.m,true
ZS610,Mukesh Reddy,Maram Reddy,mukeshreddy.m,true
ZSI164,Mukund,Dilip Krishna,mukund.d,false
,Mula Sreenu,K,mulsasreenu.k,false
,Muneendrudu,K,muneendrudu.k,false
,Muneshkumarmeena,J,muneshkumarmeena.j,false
,Muppudathi,S,muppudathi,false
,Muralidharan,J,muralidharan.j,false
ZS580,Murali Krishna,P,muralikrishna.p,true
,Muthu Krishna,C,muthukrishna,false
ZS606,Muthukrishnan,M,muthukrishnan.m,true
ZS119,Muthukumar,S,muthukumar,false
,Mypati Nagarjuna,R,mypatinagarjuna.r,false
ZS484,Nagaraj,R,nagaraj.r,false
ZS854,Nandhini,Ramakrishnan,nandhini.r,true
ZS701,Nandhini,S,nandhini.s,true
ZS718,Nandini,K,nandini.k,false
ZS390,Narasimha Murthy,Kodati,narasimhamurthy,false
ZS377,Narayan,Singh Thakuri,narayan.s,false
,,,narayan,false
,Narendiran,S,narendiran.s,false
,Narmatha,S,narmatha.s,false
ZS367,Nataraj,G,nataraj.g,false
ZS621,Navasathiyamoorthi,G,navasathiyamoorthi.g,true
,Navasathyamoorthi,G,navasathyamoorthi.g,false
,Naveen,Gaddale,naveen.g,false
nan,Naveen,R,naveen.r,false
ZS200,Naveen,Medaramitla,naveen,false
ZS293,Naveen Kumar,Thotakura,naveenkumar,false
,Navin Kumar,J,navinkumar.j,false
,Neelam Sarath Chandra Netaji Dora,N,neelamsarathchandranetajidora.n,false
ZS909,Neil,A,neil.a,true
,Nelluri Kashi,K,nellurikashi.k,false
ZS467,Nelluri Kasi,K,nellurikasi.k,false
ZS461,Nethaji,K,nethaji.k,false
,,,nethaji,false
ZSI163,Nettam Kavin Soorya,Sheetharam Prasaad,nettamkavinsoorya.s,false
ZS448,Nikhil,G,nikhil.g,false
,Nikhil Mandham,B,nikhilmandham.b,false
ZS609,Nipin,K K,nipin.k,false
,Niranjanvaka,S,niranjanvaka.s,false
ZS174,Nirav Parmar,V,niravparmar,false
,Nirmal Kumar,A,nirmalkumar.a,false
,Nirmal Kumar,R,nirmalkumar.r,false
ZSI013,Nisha,Pakriswami,nisha.p,false
ZS391,Nithyanandhan,Murugesh,nithyanandhan,false
ZS275,Nitish Kumar,S,nitishkumar,false
ZS351,Noorasleena,S,noorasleena,true
ZS699,Nushanth,S,nushanth.s,true
,Oormila,T,oormila.t,false
,Pachaiyappan,B,pachaiyappan.b,false
ZS345,Packiaraja,K,packiaraja,false
ZSI161,Padmajaa,Elavarasan,padmajaa.e,false
ZS259,Padmapriya,Venugopal,padmapriya.v,false
,,,padmapriya,false
ZS253,Palaniraj,P,palaniraj,false
,Pandi Sujatha,T,pandisujatha.t,false
,Parameshwari,L,parameshwari.l,false
ZTSC005,Parthasarathy,S,parthasarathy.s,true
ZS473,Parthiban,M,parthiban.m,false
,,,parthiban,false
,Pasupathi,B,pasupathi.b,false
ZS387,Paulson Raja,L,paulson,false
ZS439,Pavan Kalyan,V,pavankalyan.v,false
ZS444,Pavan Kumar Reddy,K,pavankumarreddy.k,true
ZS739,Pavithra,G,pavithra.g,true
,Pavithra,G,pavithra.gp,false
,Pavithra,V,pavithra.v,false
ZS203,Pavithra,M,pavithra,false
,Pawan Harsha,C,pawanharsha.c,false
,Peddinti Sreekanth,X,peddintisreekanth,false
,Pendli Kaladhar,K,pendlikaladhar,false
ZS001,Ganesan,P,pg,true
,,,pontrupooja,false
,Pooja,G K,pooja.gk,false
ZS689,Pooja,K,pooja.k,true
,Pooja,N,pooja.n,false
,Pooja,S,pooja.s,false
ZS291,Poorna Srimathi,M,poornasrimathi,false
,,,poornimadevi,false
ZS670,Poornima Monisha,M,poornimamonisha.m,true
ZS649,Porkodi,J,porkodi.j,true
ZS274,Potnuru Pooja,P,potnurupooja,false
ZS266,Potu Vasu,M,potuvasu,false
,Prabhat Kumar,H,prabhatkumar.h,false
ZS925,Prabhu Harshith,Anna,prabhuharshith.a,true
ZS158,Prabu,J,prabu,false
,Pradeep,B,pradeep.b,false
ZS682,Pradeep,S,pradeep.s,true
ZSI030,Pradeep Ragul,S,pradeepragul.s,false
ZS661,Pradibha,V,pradibha.v,true
ZS284,Pragada Maheswari,S,pragadamaheswari,true
,Prajitha Mary,J,prajithamary.j,false
ZS370,Prasad,Parakandla,prakandla,false
ZS317,Prakash M,M,prakash.m,false
ZS303,Prakash,P,prakash.p,false
ZS623,Prakash,S,prakash.s,true
,,,prakash,false
ZS810,Prasanna,B,prasanna.b,true
,Prasanna,M A,prasanna.m,false
ZS204,Prasanna,R,prasanna,false
ZS548,Prasanna Krishnan,C,prasannakrishnan.p,true
ZS470,Prasanth,C,prasanth,false
,Prasathrao,L,prasathrao.l,false
,Prashant Gaidhane,K,prashantgaidhane,false
,Prashant Kumar,G,prashantkumar.g,false
ZS392,Prathap,Subbian,prathap,false
,Pratheep,R,pratheep,false
ZS332,Pratikhya Pani,U,pratikhyapani,true
,Praveen,B,praveen.b,false
ZS812,Praveen,R,praveen.r,true
ZS860,Praveen Antony Kumar,Johan Peter,praveenantonykumar.j,true
ZS240,Praveen Carpenter,M,praveencarpenter,false
ZS594,Praveenkumar,A,praveenkumar.a,true
ZS811,Praveen Kumar,Arjunan,praveenkumar.ar,true
ZS480,Praveen Kumar,P,praveenkumar.p,false
,Praveenkumar,R,praveenkumar.r,false
ZS409,Praveen Kumar,M,praveenkumar,false
ZS348,Pravin Raghul,Shakkthivel,pravinraghul,false
,Preethi,C,preethi.c,false
,Preethi,S,preethi.s,false
ZS294,Preethi,T,preethi.t,false
ZS829,Preethi,Vijayan,preethi.v,true
ZS150,Preethi,T,preethi,false
ZS286,Prem,M,prem.m,false
ZS742,Prema,GH,prema.gh,true
ZS247,Prem Kumar,M,premkumar,false
ZS804,Premnath,S,premnath.s,true
ZTSC004,Prince,Christopher,prince.c,false
ZS426,Prithiviraj,A,prithiviraj,false
ZS806,Prithvi,J,prithvi.j,true
ZS899,Priti Sampatrao,Dongre,pritisampatrao.d,true
ZS415,Priya,Pandiarajan,priya.p,true
ZS822,Priya,R,priya.r,false
,Priya Devi,D,priyadevi.d,false
ZS867,Priyadharshan,P,priyadharshan.p,true
,Priyadharshini,K,priyadharshini.k,false
,Priyadharshini,S,priyadharshini.s,false
ZS749,Priyadharshini,SS,priyadharshini.ss,true
ZS474,Priyanka,M,priyanka.m,false
ZS463,Pulimi Lokesh,P,pulimilokesh.p,false
ZSCT040,Pushparaju,V,pushparaju.v,true
,,,pushparaju,false
ZS877,Pushpavathi,Yella,pushpavathi.y,true
ZS346,Pusuluri Balaji,S,pusuluribalaji,false
ZSCT039,Raashid Muhammed,A,raashidmuhammed,true
ZS233,Ragacibi,M,ragacibi,false
ZS173,Ragavi,R,ragavi,true
ZS672,Raghuraman,K,raghuraman.k,true
,Raghuvamsireddy,G,raghuvamsireddy.g,false
ZS692,Ragul Kumar,S,ragulkumar.s,true
,Rahul Kumar Jha,S,rahulkumarja.s,false
,Rahul Kumar Jha,S,rahulkumarjha.s,false
ZS690,Rajalingam,S,rajalingam.s,true
,Raja Mohammed,K,rajamohammed.k,false
,Rajarajan,S,rajarajan.s,false
ZS459,Rajasekaran,P,rajasekaran.p,false
ZS304,Raja Selvam,J,rajaselvam,true
ZS936,Rajashree,S,rajashree.s,true
ZS301,Rajendra,Taduvai,rajendra,false
,Rajesh,K,rajesh.k,false
ZS898,Rajesh,RJ,rajesh.r,false
,Rajkumar,P,rajkumar.p,false
,,,rajkumar,false
ZS403,Rakesh,L,rakesh.l,false
ZS289,Rakesh,S,rakesh.s,false
ZS578,Rakesh,U,rakesh.u,true
,Rakesh,Y,rakesh.y,false
ZS778,Rakesh Rengaiah,P,rakeshrengaiah.p,true
ZS215,Ram,K V,ram,false
,Ramalingam,P,ramalingam.p,false
ZS041,Raman,S,raman,true
ZS313,Ramanujan,M,ramanujan,false
,Ramar,T,ramar.t,false
ZS705,Ram Aravind,D,ramaravind.d,true
ZS456,Hanumantu Ramesh,A,ramesh.a,false
ZS820,RAMESH,NEELI,ramesh.n,true
ZS125,Ram Kiran,D,ramkiran,false
ZS676,Ramkumar,R,ramkumar.r,true
ZS740,Ramprasath,D,ramprasath.d,true
ZS389,Ramya,G,ramya.g,false
,Ramya,Gnanasekar,ramyagnanasekar,false
,Ramyapriya,K,ramyapriya.k,false
ZS536,Ranjani,S,ranjani.s,true
ZS360,Ranjitha ,Sakkaravarthi,ranjitha,false
,ranjithkumar,R,ranjithkumar.r,false
ZS205,Ranjithkumar,S,ranjithkumar,false
ZS413,Rathina Prakash,R,rathinaprakash,true
ZS825,Raveena,M,raveena.m,true
,Ravi,M,ravi.m,false
ZS427,Ravikumar,Yelati,ravikumar,false
,Ravindar,B,ravindar.b,false
ZS365,Ravishanker,Kannan,ravishanker,false
ZS337,Ravi Teja Reddy,Pathakota,ravitejareddy,false
ZS032,Reegan,A,reegan,false
,,,rengaraj,false
,Renuga,G,renuga.g,false
,Revathi,N,revathi.n,false
ZS248,Rishabh Raj,R,rishabhraj,false
,Rishi,R,rishi.r,false
,Rishi Vignesh,D,rishivignesh.d,false
,Rishwanth,S,rishwanth.s,false
ZSI165,RITHIK RAJU,P,rithikraju.p,false
ZS876,Rooba Sri,A,roobasri.a,false
ZS133,Rudhramoorthi,A,rudhramoorthi,false
ZS183,Veera Venkata Durga Satish,R,rudraveeravenkata,false
ZS868,Rupam Das,A,rupamdas.a,true
ZS357,Saathveenaa,Mohan,saathveenaa,false
,Sabarish,T S,sabarish.s,false
,Sachidhanand,M,sachidhanand.m,false
ZS482,Sadaam Hussain,H,sadaamhussain.h,false
ZS356,Saenthan,A,saenthan,false
,Sahana,C,sahana.c,false
,Saheb Panda,S,sahebpanda.s,false
,Sai Dhana Kishore,Pujari,saidhanakishore.p,false
,Sai Kiran,P,saikiran.p,false
ZS576,Saikiran Jangili,R,saikiranjagili.r,true
,Sai Kiran Reddy,Annapureddy,saikiranreddy.a,false
,Saiprasath,S,saiprasath.s,false
ZSI025,Saisirugudi,S,saisirugudi.s,false
,Saksham,P,saksham.p,false
ZS832,SAKTHIMURUGAN,ARIVAZHAGAN,sakthimurugan.a,true
ZS477,Saleemuddin Shaik,S,saleemuddinshaik.s,false
ZS734,Salman Thouficq,A,salmanthouficq.a,true
ZS375,Samatha,V,samatha,false
,,,sameer,false
ZS815,Sameer Azad,S M,sameerazad,true
ZS352,Samyutha,P,samyutha,false
,Sandeep,R,sandeep.r,false
ZS380,Sandeep,K,sandeep,false
,Sandeep Kumar,S,sandeepkumar.s,false
ZS817,Sandeep Kumar,Yadav,sandeepkumar.y,true
ZS654,Sandhiya,U,sandhiya.u,true
ZS206,Sandhyalakshmi,D,sandhyalakshmi,false
,Sandhya Rani,J,sandhyarani.j,false
ZS326,Sangeetha S,S,sangeetha.s,false
ZS310,Sangeetha,M,sangeetha,false
ZS383,Bhosale Sanjivani,Shivaji,sanjivani,false
ZS767,Sankar,P,sankar.p,true
ZS905,Sankaralingam,G,sankaralingam.g,true
,Sankarkumar,N,sankarkumar.n,false
ZS372,Sankarkumar,D,sankarkumar,false
,Sanofer,A,sanofer.a,false
ZS307,Santhi Kumari,Muripindi,santhikumari,false
,Santhosh,K,santhosh.k,false
ZS906,Santhosh,SV,santhosh.sv,true
ZS885,Santhoshi,S,santhoshi.s,true
ZS476,Santhosh Kumar,L,santhoshkumar.l,true
ZS871,Santhosh Kumar,S,santhoshkumar.s,true
ZS873,Santhosh Kumar,S,santhoshkumar.sk,false
ZS821,Santhosh,Kumar,santhoshkumar.t,true
ZSI012,Santhosh Kumar,E,santhoshkumar,false
ZS394,Santosh,Vitthalrao Lanadage,santosh.v,false
ZS285,Santosh Kumar Bharti,Y,santoshkumar,false
ZS257,Santosh Shankar,Jadhav,santoshshankar,false
ZS846,Saravana Kumar,M,saravanakumar.m,true
,Saravanan,L,saravanan.l,false
ZS180,Saravanan,Neeravi,saravanan.n,false
,Saravanan,R,saravanan.r,false
,,,saravanan,false
ZS902,Saravana Perumal Ramachandran,Ramachandran Chellakutty,saravanaperumalramachandran.r,true
,,,sarma,false
,Sarvesh,S,sarvesh.s,false
ZS157,Sasikumar,C,sasikumar,false
,Satesh Kumar,V,sateshkumar.v,false
,Sathish Kumar,A S,sathishkumar.as,false
ZS430,Sathish Kumar,K,sathishkumar.k,false
ZS585,Sathishkumar,M,sathishkumar.m,true
ZS097,Sathish Kumar,P,sathishkumar,false
ZS110,Sathishmohan,S,sathishmohan,false
,,,sathishram,false
ZS324,Sathiya Narayanan,S,sathiyanarayanan,false
ZS300,Sathyan,Chandran,sathyan,false
ZS458,Saurabh Katiyar,V,saurabhkatiyar.v,false
,Savanam Venkatesh,S,savanamvenkatesh.s,false
,Sekar,N,sekar.n,false
,,,sekar,false
,Selvakumar,V,selvakumar.v,false
ZS216,Selva Manish,R,selvamanish,false
,,,senkathir,false
ZS462,Senthilkumar,N,senthilkumar.n,false
ZS282,Shabeer Ali,K,shabeerali,false
,Shaik Kareem Basha,G,shaikkareembasha.g,false
ZS922,Shaik Rehan,S,shaikrehan.s,true
ZS145,Shaik Sameeruddin,R,shaiksameeruddin,false
ZS882,Shaik Subani,Badulla,shaiksubani.b,true
,Shalini,papinayakanahalli,shalini.p,false
,Shalini,V,shalini.v,false
ZS809,Shanmathi,S,shanmathi.s,true
ZS933,Shanmugapriya,S,shanmugapriya.s,true
,Shanmugapriya,TS,shanmugapriya.ts,false
ZS931,Sharan,k,sharan.k,true
ZS298,Shijith,N,shijith,false
ZS297,Shilpa,S,shilpa,false
ZS339,Shiny,R,shiny.r,false
ZS929,Shital,Bhanudas Raind,shital.b,true
ZS824,Shiva Prakash Reddy,Kona,shivaprakashreddy.k,true
ZS700,Shiv Shastha,P,shivshastha.p,true
,Shobana,B,shobana.b,false
,,,shreeshah,false
,Shrikanth,K,shrikanth.k,false
,Shruthika,L,shruthika.l,false
,Shubha varshini,S,shubhavarshini.s,false
ZS757,Shwetha,BS,shwetha.bs,true
ZS349,Shwetha,Subramanian,shwetha,false
,Shyam Biharee Meena,A,shyambihareemeena,false
ZS698,Sidharth,R,sidharth.r,true
ZS207,Sikkandar,Ayubkhan,sikkandarsulaiman,false
,Sireesha,M,sireesha.m,false
ZS330,Siva,M,siva.m,false
,,,siva,false
,,,sivakami,false
ZS802,Sivamsan,S,sivamsan.s,true
ZS244,Sivanandam,K,sivanandam,false
ZS816,sivaprakash,a,sivaprakash.a,true
,Siva Sakthi,R,sivasakthi.r,false
ZS404,Sneha,Arvind Thorat,sneha.a,false
,Sobharani,Golve,sobharani,false
ZS369,Sodari Naresh,S,sodarinaresh.s,false
ZS369,Sodari Naresh,S,sodarinaresh,false
,,,somashekar,false
,Songa Sarath Kumar,S,songasarathkumar.s,false
ZS772,Soniyavarshini,M,soniyavarshini.m,true
ZS934,Sounndarrajan,Jayaraman,sounndarrajan.j,true
ZS325,Sowmiya,S,sowmiya.s,false
ZS405,Sowmya Nangunuri,Shekar,sowmyanangunuri,false
ZS845,Sowndar Rajan,M,sowndarrajan.m,true
ZS678,Sree Harsha Kumar,Kutala,sreeharshakumar.k,true
ZS875,Sreya,U,sreya.u,true
ZS036,Sridhar,G,sridhar,true
,Sriguru,R,sriguru.r,false
ZS424,Srikrishna,Anna,srikrishna,false
,,,srinivas,false
ZS433,Srinivasalu,N,srinivasalu,false
,Sriraaman,C,sriraaman.c,false
,SRIRAM,G,sriram.g,false
ZS290,Sriram,K,sriram.k,false
,Sriram Harish,S,sriramharish.s,false
ZS460,Sriram Surya Teja,K,sriramsuryateja.k,false
ZS256,Srisivakalyan,Mukkamala,srisivakalyan,false
,Srivatsan,R,srivatsan.r,false
ZS735,Srividya,R,srividya.r,true
ZS478,Subash,P,subash.p,false
ZS220,Subash,G,subash,true
ZS888,Subash Chandra Bose,S,subashchandrabose.s,true
ZS314,Subasree,R S,subasree,false
ZS836,SUBHAAKAR,K R,subhaakar.r,true
ZSI169,Subhasree,S,subhasree.s,false
ZS731,Subhradeepnath,S,subhradeepnath.s,true
,Subramani,T,subramani.t,false
,,,sudha,false
ZS243,Sudhakar,K,sudhakar.k,false
ZS219,Sudhakar,Y,sudhakar,false
ZSI166,Sudhandra,S,sudhandra.s,false
ZS406,Suganthan,Vasudevan,suganthan,false
,Suganya,S,suganya.s,false
ZS351,Suganya,V,suganya,false
ZS287,Sugi,S,sugi.s,false
ZS127,Sujith,S,sujith,false
ZS818,sujitha,s,sujitha.s,true
,Sukanthan,V,sukanthan.v,false
ZS927,Sukumar Reddy,Pilli,sukumarreddy.p,true
,Sulthan Abdul Kadhar,H,sulthanabdulkadhar.h,false
ZS696,Sumer Singh,B,sumersingh.b,true
ZS653,Sumithra,S,sumithra.s,true
ZS518,Sundarapandian,R,sundarapandian.r,true
,Suneel Kumar Malla,V,suneelkumarmalla.v,false
ZS417,Uppara Sunil Kumar,Uppara Vannuruswamy,sunilkumar,false
,Sunil Shivaji Minde,S,sunilshivajiminde,false
ZS162,Supreetha,N R,supreetha,false
ZS884,Supriya,H N,supriya.h,true
ZS908,Suresh,S,suresh.s,true
ZS146,Suresh Krishna,K,sureshkrishna,true
ZS250,Suresh Kumar,K,sureshkumar.k,false
,Suresh Kumar,V,sureshkumar.v,false
ZS302,Suresh Puli,Chinnadas,sureshpuli,false
,Suriya Prakash,R,suriyaprakash.r,false
ZS831,SURYA,RAJADURAI,surya.r,true
,Surya Lakshmi Bhavani,Regana,suryalakshmibhavani,false
,Swaminathan,K,swaminathan.k,false
ZS082,Swaminathan,S,swaminathan,false
ZS918,Swathi,L,swathi.l,true
ZS519,Swetha,M,swetha.m,false
ZS228,Swetha,K,swetha,false
ZS755,Swetha Ratnam,V,swetharatnam.v,true
ZS231,Syaleen Raj,Batley,syaleenrajbatley,false
ZS224,Syed Ariful Dayan,R,syedarifuldayan,false
ZS775,Syedkhaleel,J,syedkhaleel.j,true
ZS278,Syed Mohamed,M,syedmohamed,false
ZS358,Sylvia,Dennis,sylvia.d,false
ZS915,Tamilarasu,S,tamilarasu.s,true
ZS656,Tamilselvan,M,tamilselvan.m,true
ZS886,Tamilselvi,K,tamilselvi.k,true
ZS208,Tarun,T U,tarun,false
,Thameem Jabir,KJ,thameemjabir.jk,false
ZS632,Thamizharasan,M,thamizharasan.m,true
ZS186,Thandapani,K,thandapani,false
,Tharunkumar,S,tharunkumar.s,false
ZS312,Thelu Mahesh Kumar,Thelu Yadaiah,thelumaheshkumar,false
,Thendral,K,thendral.k,false
ZSI011,Thendral,R,thendral,false
ZS382,Thippeswamy,H,thippeswamy,false
,,,thirumalai,false
ZS814,thirumoorthy,a,thirumoorthy.a,true
ZS919,Tirumalagiri Madhulatha,M,tirumalagirimadhulatha.m,true
ZS840,Udhayan,M,udhayan.m,true
ZS848,Uma,G,uma.g,true
ZS355,Uma ,K,uma.k,false
ZS263,Umamageswari,Anantha subramaniam,umamageswari,false
,Uma Maheshwari,A,umamaheshwari.a,false
ZS281,B V S Uma Sankar,V,umasankar,false
,Uma Venkata Naveen Kumar,D,umavenkatanaveenkumar.d,false
ZS190,Umesh,Deshmukh,umesh,false
ZS209,Usha,B,usha,false
ZS401,Utkarsha Lal,A,utkarshalal,false
ZS859,Vairamuthu,Ramdoss,vairamuthu.r,true
ZS432,Vaisha,R,vaisha.r,false
ZS318,Vaishally,K,vaishally,false
ZS457,Vaishibha,G,vaishibha.g,false
ZS234,Vaishnavi,D,vaishnavi.d,false
,Vaishnavi,D,vaishnavi.dp,false
ZS779,Vaishnavi,T,vaishnavi.t,true
ZS085,Thirumudikarivalavan,D,valavan,true
ZS261,Sudeepthi,Valika,valikasudeepthi,false
ZS838,VAMSI KRISHNA,KANDLAGUNTA,vamsikrishna.k,true
ZS280,Vanitha,Mora,vanithamora,false
ZS630,Varalaksshmi,R G,varalaksshmi.r,true
,Varsha,B,varsha.b,false
ZS438,Varsha Holambe,L,varshaholambe.l,false
ZS611,Varshinignanam,M,varshinignanam.m,true
,Vasantha Jutla,C,vasanthajutla.c,false
ZS861,Vasantha Kumar,K,vasanthakumar.k,true
,Vasanthan,?,vasanthan,false
ZS338,Vasanthidevi,P,vasanthidevi,false
ZS443,Vasavi,M,vasavi.m,false
,Vasudev,Krishnamurthy,vasudev.k,false
ZS445,Vasudev,V,vasudev.v,false
,Veerapandi,M,veerapandi.m,false
,,,veeraputhiran,false
ZS728,Veera Sakthivel,M,veerasakthivel.m,true
ZS336,Velamuri Prasanth,Raveendra Reddy Velamuri,velamuriprasanth,false
ZS223,Sreedhar,V,vellaturisreedhar,false
ZS033,Vengatesan,N,vengatesan,true
ZS080,Vengatesh,S,vengatesh.s,false
,Venkanna,Munavath,venkanna.m,false
,Venkareddy,L,venkareddy.l,false
ZS025,Venkatesh,S,venkat,true
ZS399,Venkata Naga Baji,Inturi,venkatanagabaji,false
ZS421,Venkata Sai Tarun,V,venkatasaitarun,false
ZS917,Venkata Vasudevaraju,Bochu,venkatavasudevaraju.b,true
ZS685,Venkat Bharath Varala,V,venkatbharathvarala.v,true
ZS483,Venkatesh,M,venkatesh.m,false
ZS853,Venkatesh,Ponnanganti,venkatesh.p,true
ZS362,Venkateswara Rao,Talam,venkateswara.t,false
,Venkateswaran,G,venkateswaran.g,false
,,,venkateswararao,false
,Venu Madhav,S,venumadhav.s,false
ZS412,Vetrivel,Subramanian,vetrivel,false
ZS099,Vibin J,J,vibin.j,false
ZS099,Vibin,J,vibin,false
ZS896,Vibucharan,Vignesh,vibucharan.v,true
,Vignesh,D,vignesh.d,false
ZS366,Vignesh,S,vignesh.s,false
,Vignesh,Sivakumar,vignesh.st,false
,Vignesh,Seetharaman,vignesh.sv,false
,Vignesh,TS,vignesh.ts,false
,Vignesh,V,vignesh.v,false
,Vignesh,Venkatesan,vignesh.vc,false
ZS839,VIGNESH SUNDAR,M,vigneshsundar.m,true
ZS872,Vigneshwaran,S,vigneshwaran.s,true
ZS177,Vigneshwaran,S,vigneshwaran,false
,Vignesshwar,V,vignesshwar.v,false
,Vijayakumar,V,vijayakumar.v,false
,Vijaya Murugan,V,vijayamurugan.v,false
,Vijayanand,G,vijayanand.g,false
ZS255,Vijay Anand,M,vijayanand,false
ZS850,Vijaykumar,Chejarla,vijaykumar.c,true
ZS652,Vijay Kumar,N,vijaykumar.n,true
ZS003,Vijay Kumar,B,vijaykumar,true
ZS185,Vijaykumar Jadhav,S,vijaykumarjadhav,false
ZS842,Vijayshrinivas,V,vijayshrinivas.v,true
,Vikneshwaran,M,vikneshwaran.m,false
,,,vikram,false
ZS402,Vikram Singh,Banwari Lal,vikramsingh,false
ZS258,Vimalraj,Veerabathiran,vimalraj,false
ZS288,Vinay,GV,vinay.v,false
ZS308,Vinaychandra,V,vinaychandra,false
,Vinith Kumar,R,vinithkumar.r,false
ZS058,Vinoth,G,vinoth,false
ZS151,Vinothini,K,vinothini,false
,Vinoth Kumar,V,vinothkumar.v,false
,,,vipinkumar,false
,Vishal Kumar,S,vishalkumar.s,false
ZS226,Vishnu,K,vishnu,false
ZS844,Vishnubharath,N,vishnubharath.n,false
ZS279,Vishnu Prasaad,N,vishnuprasaad,false
ZS411,Vishnu Ram,S,vishnuram,false
ZS847,Vishnu Sreelatha,Talamarla,vishnusreelatha.t,true
ZS858,Vishwa,B,vishwa.b,true
ZS061,Vishwanathan,K,vishwanathan,false
ZS149,Visutha,Velu,visuthavelu,false
ZS347,Viswanathan,A,viswanathan.a,false
ZS371,Vivekananda,P,vivekananda,false
ZS260,Vuchili Sanjeev Kumar,N,vuchilisanjeevkumar,false
ZS381,Yamala Prema Kumar,Yamala Ramaiah,yamalapremakumar,false
ZS353,Yash,Tejwani,yashtejwani,false
ZS897,Yendeti Manohar,Penchalaiah Yendeti,yendetimanohar.p,true
,Yogapandian,E,yogapandian.e,false
,Yogesh,A,yogesh.a,false
ZS161,Yogesh,M,yogesh,false
ZS271,Chidirala Yuva Kiran,S,yuvakiran,false
ZS622,Yuvaraj,G,yuvaraj.g,true
,Yuvaraj,V,yuvaraj.v,false
ZS340,Yuvaraj,Nadageri,yuvarajpandurang,false
ZS340,Yuvaraj Panrang,Nadageri,yuvarajpanrang,false
